field_1,centroid_y,centroid_x,Elevation,Depth_avg,Lake_area,Continent
9,42.14351572,-81.23882341,172,19.4,25767.79,North America
12,45.932398,73.93130058,338,6.7,16717.89,Asia
19,66.50987862,-160.6877554,0,4.0,1058.07,North America
27,63.33532023,-118.0572706,249,10.0,1679.89,North America
31,59.55920362,-155.1164468,13,43.8,2634.62,North America
32,58.28720964,-103.1942431,395,20.2,2269.59,North America
34,58.57238141,-112.0709324,207,1.3,1332.93,North America
36,57.45771575,-106.2420699,482,14.9,1155.15,North America
37,57.09425918,-98.61924314,256,10.1,2307.45,North America
38,57.20619323,-102.2951479,335,17.0,5435.48,North America
41,55.11387197,-104.8521118,360,12.7,1296.47,North America
42,55.41564546,-115.7251909,572,11.4,1186.51,North America
43,54.39573663,-70.08384198,526,15.2,3543.41,North America
44,54.61990733,-94.35078381,178,13.5,1024.08,North America
46,53.8544429,-76.73015835,170,22.4,2758.99,North America
48,53.95665489,-99.70018154,253,4.1,1311.82,North America
49,54.15216965,-64.12644588,466,5.6,5814.1,North America
51,53.34098009,-100.36268,253,3.9,2504.26,North America
52,52.37569719,-100.0635623,251,3.2,5035.51,North America
53,50.97984674,-98.9165252,245,3.6,4751.05,North America
56,50.42742133,-92.77838361,355,4.5,1248.75,North America
57,49.300226,-94.79280056,320,10.7,3472.81,North America
59,48.64480486,-72.06255937,96,11.0,1112.79,North America
60,48.52707915,-74.44502931,400,6.5,1318.78,North America
61,48.03954833,-95.08781806,353,3.7,1141.61,North America
62,47.810169,-102.317305,557,26.8,1126.82,North America
63,45.97137689,-61.02478408,0,30.0,1066.74,North America
65,45.52806763,-100.4588738,486,26.6,1092.54,North America
67,41.20547173,-112.6333975,1282,3.5,6478.85,North America
69,26.94756321,-80.80210987,3,4.0,1418.77,North America
77,-9.620955675,-41.2176703,385,13.0,2614.96,South America
80,-19.87616347,-51.01783466,323,19.7,1077.23,South America
82,-24.77823703,-54.38856339,217,25.1,1156.44,South America
84,-29.95728407,-64.82589849,179,0.3,1033.67,South America
85,-30.4993093,-62.65829322,69,2.4,6132.89,South America
86,-32.88069444,-52.83885955,0,6.0,3899.7,South America
87,-46.59196398,-71.29028479,202,400.0,1763.81,South America
89,-49.59831082,-72.58405911,252,100.0,1193.37,South America
92,69.03958875,27.74307208,105,14.3,1098.17,Europe
94,67.72297499,33.15104091,117,10.2,1063.61,Europe
95,63.55629001,34.71869098,73,7.9,1167.6,Europe
97,62.76487175,27.80061906,69,7.8,1133.97,Europe
98,61.89299375,25.50416961,65,14.0,1270.47,Europe
101,60.18017849,37.62362249,98,4.4,1182.4,Europe
102,59.49487075,16.78546184,3,12.9,1083.13,Europe
103,58.42791667,27.48355062,28,7.2,3489.0,Europe
104,58.33265875,14.489715,88,39.2,1888.04,Europe
105,58.88345075,13.55127653,44,27.9,5486.23,Europe
106,58.61104031,55.80870978,104,7.7,1584.87,Europe
107,58.37944173,38.36683736,97,6.3,4042.34,Europe
109,57.32513889,43.17580679,80,6.6,1325.39,Europe
113,54.35739278,82.02669512,106,8.6,1024.14,Europe
114,54.83287311,76.98204532,101,2.1,1966.57,Europe
116,54.59763618,48.65978365,45,11.5,5060.1,Europe
117,52.65958023,5.419687776,0,4.5,1962.7,Europe
118,52.59279012,48.22222931,23,12.0,1073.41,Europe
120,50.44597222,68.89417442,302,0.3,1422.85,Asia
123,48.95923845,117.412319,540,6.2,2121.43,Asia
125,49.28379957,32.7139683,77,7.3,1849.09,Europe
126,50.33830756,45.84443662,8,12.1,2613.38,Europe
128,48.07312968,42.94042447,30,10.6,2253.94,Europe
129,47.31590291,33.99692431,13,8.7,2092.3,Europe
130,46.44122518,60.55890664,39,26.8,2964.43,Asia
132,45.7270105,34.92141918,0,0.3,1333.38,Europe
134,44.93654865,132.4399596,64,4.4,4118.84,Europe
137,41.96153958,57.27585508,2,12.2,3772.03,Asia
138,40.77824626,67.32018359,241,16.2,2742.41,Asia
142,37.65895291,45.52839309,1267,0.4,4932.76,Asia
143,36.89084635,100.0500843,3194,16.8,4266.55,Asia
144,34.04932376,43.20085087,44,25.6,1698.86,Asia
145,33.35088304,118.7647486,10,9.8,1374.36,Asia
146,32.81819173,43.5704687,29,19.5,1330.22,Asia
147,31.78584283,88.94736615,4539,28.0,1749.53,Asia
148,31.23819444,120.1412404,0,2.2,2329.14,Asia
149,30.71638468,90.58928278,4724,44.4,1963.82,Asia
151,29.25829898,116.0087266,10,6.8,2398.32,Asia
165,-3.592202284,35.12571444,1027,0.5,1200.3,Africa
166,-7.954772135,32.15273171,801,3.5,5894.78,Africa
167,-9.029444444,28.69060812,921,7.6,5042.56,Africa
169,-11.14779405,29.78440243,1163,1.0,1763.53,Africa
170,-15.27972248,35.694268,623,2.0,1088.14,Africa
171,-15.70831075,32.05874839,317,30.8,2048.68,Africa
172,-17.22389777,27.60200644,487,35.1,5276.89,Africa
173,-20.63535604,25.39555862,904,0.5,2589.79,Africa
174,-20.72527117,25.9668982,903,2.0,2962.07,Africa
175,-28.66054945,137.0985423,-15,3.0,8026.7,Oceania
177,-30.79356639,137.868579,30,0.5,3539.2,Oceania
178,-31.54384556,136.0612463,121,1.0,3373.98,Oceania
193,70.5886983,-153.4045645,9,4.5,829.95,North America
213,68.98411253,-133.1667161,6,20.9,843.49,North America
219,68.53594142,-132.6913441,24,14.9,289.13,North America
222,67.54408311,-127.0824564,246,12.1,115.22,North America
224,67.43648326,-124.9907579,249,25.2,335.79,North America
227,67.41952817,-126.4107335,244,26.3,376.12,North America
228,67.18887703,-125.9908324,229,14.5,448.2,North America
229,66.82055709,-95.95103773,9,9.0,411.36,North America
230,66.8550821,-125.2757091,284,14.2,458.53,North America
235,66.47743377,-159.8318055,8,2.2,216.18,North America
240,65.87605003,-99.84472055,124,14.3,361.45,North America
243,66.01202394,-98.61746895,142,19.0,103.97,North America
265,64.92132594,-95.96733507,106,20.6,450.06,North America
269,64.96439539,-111.3049537,403,16.7,332.67,North America
273,64.82255166,-97.22275675,59,22.7,411.08,North America
275,64.61904767,-121.6246862,152,9.4,115.14,North America
290,64.1448509,-108.4466865,355,19.7,800.94,North America
291,63.95582873,-121.5578018,233,8.0,391.42,North America
293,64.00477017,-99.95964108,117,26.4,412.11,North America
297,63.98284972,-98.43702855,121,14.1,460.6,North America
301,63.94759134,-117.334463,203,22.0,403.03,North America
303,63.76817426,-98.85653652,122,19.9,499.53,North America
308,63.5041184,-106.8140263,356,11.3,110.75,North America
311,63.60672955,-108.7553612,388,11.6,162.29,North America
320,63.08620426,-118.3840672,260,4.4,180.54,North America
331,62.8060149,-120.7712723,200,5.5,111.63,North America
332,62.93898733,-95.79236904,75,25.8,487.94,North America
334,62.67065634,-106.8510097,350,11.6,308.72,North America
335,62.28102103,-101.7390966,247,21.1,660.74,North America
337,62.37759821,-103.4905088,294,20.6,163.64,North America
338,62.37944339,-94.52340002,42,12.2,144.02,North America
339,62.40565436,-106.3577902,344,10.1,274.25,North America
340,62.14551757,-95.16798135,41,14.7,523.17,North America
346,62.27283613,-100.42527,254,15.4,525.56,North America
347,62.29769643,-102.3194513,254,8.1,140.78,North America
349,62.16179964,-97.53181237,142,15.9,109.46,North America
359,61.82015066,-108.9279353,312,15.3,865.24,North America
360,61.54287578,-105.5273527,367,12.8,213.74,North America
377,60.93035868,-117.6409526,210,14.7,333.45,North America
381,60.930312,-163.7596041,12,1.2,135.02,North America
383,60.70830997,-104.1946881,347,10.7,579.88,North America
384,60.92131716,-104.4477603,347,9.7,188.61,North America
387,60.5421425,-117.5291722,264,1.0,560.63,North America
392,60.42319101,-104.1769825,345,11.9,144.87,North America
397,60.22597048,-115.5125174,260,0.9,553.24,North America
409,60.00297381,-104.6895308,376,11.8,564.14,North America
410,60.02113526,-106.0065855,430,11.0,533.23,North America
414,59.74097883,-118.8049203,554,10.2,411.04,North America
420,59.60801611,-97.67480541,267,7.7,290.94,North America
423,59.41778844,-73.75339633,134,15.4,487.93,North America
425,59.12632185,-105.5554513,276,25.0,443.84,North America
428,59.1218918,-106.2802502,237,7.0,163.16,North America
430,59.00015566,-155.4143923,189,24.7,131.69,North America
433,58.85856136,-108.3080358,341,5.0,111.07,North America
441,58.61857754,-111.4595033,207,1.8,145.6,North America
452,57.37047028,-74.70086712,180,14.1,774.91,North America
453,57.67473277,-156.7132602,3,23.0,212.15,North America
454,57.49697686,-156.8782146,3,13.4,186.14,North America
462,56.23903474,-99.53230908,256,6.4,693.35,North America
465,56.66235795,-68.20673085,173,27.3,132.84,North America
467,56.61206118,-108.5005133,420,12.8,368.98,North America
471,56.3917296,-100.2115549,258,33.0,419.54,North America
472,56.51375806,-110.4374847,452,6.0,116.45,North America
475,56.46146453,-109.4820318,440,9.2,208.0,North America
479,56.18375874,-96.17429473,166,12.2,280.54,North America
482,56.37633191,-108.0749001,415,15.2,426.86,North America
484,56.04667032,-113.9279253,540,10.6,101.2,North America
485,56.16049539,-68.20549308,273,10.6,128.84,North America
489,55.74618584,-100.475055,271,34.1,491.06,North America
493,55.55584955,-107.7505497,415,19.0,431.88,North America
494,55.86472569,-115.4552031,636,2.9,253.72,North America
498,55.84178929,-108.5561537,415,11.5,827.51,North America
499,55.97592039,-108.3329938,415,7.5,543.87,North America
500,55.55274522,-106.5447511,379,21.7,379.1,North America
506,55.50645914,-110.5663463,590,12.2,126.16,North America
520,55.02048991,-97.70639252,185,9.0,514.0,North America
521,55.17771085,-108.2604583,423,19.1,189.02,North America
523,55.24171879,-113.3134281,589,21.1,138.13,North America
524,55.11674739,-107.2826968,446,15.7,238.32,North America
525,55.11586651,-96.00715105,200,6.3,148.38,North America
527,55.06682685,-105.557493,370,11.0,130.68,North America
529,55.13947249,-102.9599132,310,24.2,213.44,North America
530,55.1354862,-72.58543204,389,13.0,962.67,North America
531,54.8647414,-112.1081135,537,19.6,238.98,North America
532,54.82143043,-95.55910715,186,15.1,338.65,North America
533,54.93856761,-102.8848616,310,17.3,114.23,North America
534,54.9096732,-104.6636479,370,9.5,242.17,North America
535,54.77302507,-99.83002726,253,27.7,175.34,North America
536,54.90246038,-109.7358464,595,9.8,436.35,North America
537,54.78622501,-103.5046721,322,6.2,543.74,North America
540,54.65438408,-70.77059956,476,6.3,293.32,North America
542,54.84453099,-97.15703176,205,3.6,177.62,North America
545,54.65797459,-106.8386203,475,21.9,277.7,North America
547,54.7676102,-107.2894553,454,10.9,627.55,North America
548,54.67306301,-97.48773361,205,6.1,286.17,North America
550,54.64823779,-100.3302898,277,9.5,189.95,North America
553,54.31733446,-98.20582255,213,8.1,358.57,North America
554,54.29418256,-105.7097757,486,6.3,456.42,North America
558,54.58592806,-102.2455928,293,20.4,343.6,North America
559,54.44890021,-101.5309653,279,9.9,135.35,North America
561,54.36313883,-102.7855716,288,6.3,120.72,North America
564,54.27461885,-98.57727447,210,5.2,174.68,North America
565,54.21672373,-96.85960392,217,11.2,394.73,North America
566,54.16505084,-92.96458945,224,6.7,111.17,North America
567,54.11964148,-93.82214979,219,8.3,236.41,North America
569,54.01835524,-99.91217481,255,8.8,184.36,North America
570,54.06372583,-101.0797116,257,8.7,283.92,North America
571,54.14871581,-92.12297533,233,7.2,101.5,North America
574,54.0699725,-106.18339,524,19.5,125.02,North America
576,53.84897977,-94.25399143,225,20.1,964.63,North America
577,54.124269,-101.473191,259,7.9,111.44,North America
578,54.06014836,-98.2205276,215,2.9,759.81,North America
581,54.11846183,-102.2780746,263,11.3,418.81,North America
583,53.89716168,-99.36510989,263,10.7,114.82,North America
584,53.80867038,-92.14185834,245,11.5,228.1,North America
585,53.98857969,-73.36445237,372,24.2,805.72,North America
586,53.82856907,-105.339521,491,9.0,131.68,North America
587,53.78202246,-90.16586204,206,16.0,644.1,North America
597,53.42224373,-64.81062996,475,4.7,762.29,North America
600,53.11640201,-71.08906825,527,10.9,282.47,North America
606,52.69441225,-66.18246049,528,12.9,531.71,North America
607,52.71156389,-64.59409004,485,13.0,393.17,North America
614,52.95084325,-101.3487857,259,5.3,260.08,North America
615,52.76508897,-90.61568319,297,9.7,319.54,North America
617,52.78986338,-65.27686422,505,10.1,377.75,North America
618,52.49645038,-100.7396752,257,5.5,307.92,North America
620,52.45547176,-100.3182298,253,4.8,154.84,North America
622,52.31885117,-85.19447155,170,5.5,182.8,North America
629,51.9158903,-104.0522126,513,3.1,154.47,North America
631,51.88152967,-104.3614131,510,3.3,272.89,North America
632,52.05654114,-99.56767901,250,2.7,160.03,North America
635,51.65134189,-98.49721796,241,3.2,331.34,North America
638,51.6781216,-70.14993633,529,11.7,306.61,North America
641,51.28021069,-99.77563912,258,2.3,515.73,North America
643,50.95254327,-106.9076225,551,25.2,391.72,North America
644,51.06105891,-90.80889405,371,5.7,506.21,North America
645,50.98705154,-73.18742837,386,19.1,406.17,North America
646,51.20351459,-93.31557155,394,16.7,347.42,North America
647,51.03601962,-98.52080489,245,2.3,113.63,North America
649,50.86771156,-77.020085,239,17.2,471.37,North America
652,50.84909773,-77.38827019,239,8.3,102.27,North America
654,50.79634391,-89.11673022,332,12.9,114.81,North America
661,50.7660136,-70.97773087,490,4.7,471.19,North America
665,50.3066383,-80.31300259,262,5.8,175.21,North America
668,50.21033368,-77.4505935,241,12.6,119.91,North America
673,50.08620028,-105.950764,663,3.8,304.07,North America
676,49.89293788,-77.69758471,245,15.6,255.43,North America
683,49.88348797,-76.81267547,260,17.6,349.26,North America
685,49.64642201,-92.53867448,367,16.6,178.83,North America
688,50.11984235,-69.13826644,346,41.5,586.64,North America
690,49.56595064,-76.41176758,264,16.1,204.14,North America
691,49.54717211,-94.96630443,320,15.9,255.72,North America
697,49.61774652,-70.140713,393,17.6,790.1,North America
707,48.75791083,-79.58974059,263,3.5,946.77,North America
710,48.72331597,-93.24564119,334,8.0,826.48,North America
712,48.41983729,-81.00437452,271,13.5,109.21,North America
713,48.4223346,-92.69229429,337,23.4,209.17,North America
714,48.34054867,-78.10041388,292,11.2,112.12,North America
716,48.32923075,-78.34120507,290,14.3,112.15,North America
720,48.26265567,-56.57779617,271,15.0,314.12,North America
721,47.7188538,-106.8845301,679,28.9,814.09,North America
723,48.03634026,-98.9344886,435,8.3,343.2,North America
725,47.78288207,-119.2189745,475,8.3,106.65,North America
732,47.47405748,-77.02704704,335,5.7,328.96,North America
733,47.58204372,-78.60537411,260,28.2,328.99,North America
735,47.45000692,-94.16467087,392,2.7,248.33,North America
736,47.28342647,-76.51255239,356,3.0,434.11,North America
738,47.17880181,-94.42813879,392,2.0,412.55,North America
744,46.18969353,-72.82296075,1,3.1,333.51,North America
745,46.24391937,-79.65010751,192,4.5,878.3,North America
746,46.23791395,-93.66004063,377,7.8,516.15,North America
750,45.78248837,-82.06887995,222,15.8,106.04,North America
752,45.38101087,-73.83305032,19,5.7,150.98,North America
754,45.1418806,-74.41306065,43,3.4,238.12,North America
758,44.93230838,-75.0585945,71,5.5,147.31,North America
759,44.47023554,-79.32292937,216,13.4,767.03,North America
762,44.00082163,-88.43090279,226,6.4,645.53,North America
763,44.2089447,-65.14249218,81,5.7,152.84,North America
764,44.23993886,-99.89776381,429,10.3,228.45,North America
766,43.84484755,-70.57873276,80,4.0,118.75,North America
767,43.62497552,-73.54988617,99,24.5,113.39,North America
772,42.69544461,-76.71101939,114,4.8,171.19,North America
774,42.82430047,-120.7506777,1261,3.8,108.97,North America
788,40.18703478,-111.8095005,1368,4.7,362.19,North America
798,38.00818393,-118.9658159,1948,8.4,185.96,North America
799,37.63505154,-110.5371746,1124,59.0,138.79,North America
801,36.33398247,-87.97522319,107,13.2,574.74,North America
802,37.02139106,-111.4272691,1124,207.6,120.75,North America
807,36.54842773,-95.60748577,195,16.8,114.71,North America
812,35.50785631,-76.18566502,1,2.6,158.51,North America
814,35.34674172,-94.83525446,143,4.8,135.41,North America
815,35.23344374,-95.64050193,179,13.3,354.96,North America
826,33.85552192,-89.72672193,61,31.2,107.48,North America
828,33.48046635,-80.26617545,23,6.8,223.33,North America
830,33.30647519,-80.07417141,21,6.2,220.89,North America
836,32.00514431,-96.19504413,97,13.7,156.51,North America
838,31.52583849,-93.75509745,52,10.5,599.62,North America
839,31.24770576,-94.35651553,48,20.6,380.2,North America
841,30.71430637,-95.13975647,42,11.5,219.58,North America
842,30.25739692,-90.50490893,2,1.5,236.99,North America
843,29.90776744,-92.75470685,0,1.5,190.81,North America
844,30.03208333,-93.30047469,1,4.2,256.31,North America
846,29.74188611,-92.50077593,0,1.3,225.56,North America
847,29.6818789,-90.25803226,0,1.0,386.46,North America
849,29.2948015,-81.58982802,5,8.9,185.24,North America
850,29.35639041,-107.8448016,2131,1.9,147.02,North America
852,28.61857164,-81.61529688,17,10.8,123.31,North America
853,28.56072883,-106.7646947,1967,5.6,105.38,North America
854,27.90079244,-81.26637658,13,7.4,121.12,North America
855,26.72172852,-99.21528606,80,32.5,120.78,North America
858,19.96618585,-101.263319,1831,8.7,207.7,North America
860,18.48638095,-71.58166774,-42,8.9,227.51,North America
862,18.25859368,-96.56609629,69,16.8,387.61,North America
866,16.156808,-92.59978091,525,16.2,566.28,North America
915,-8.922191162,-38.6047624,302,15.7,687.51,South America
916,-11.02008358,-76.11231,4080,3.4,163.12,South America
924,-15.15760699,-70.05630473,3812,21.0,101.9,South America
928,-18.60874891,-45.23048781,566,26.3,799.76,South America
929,-18.30817098,-48.93457894,504,51.0,333.17,South America
930,-18.41653402,-47.7799775,633,85.3,206.21,South America
931,-18.68268107,-50.25419398,399,21.5,583.59,South America
933,-19.35975233,-68.0933114,3661,0.9,886.54,South America
934,-19.94141466,-49.92008882,379,21.9,507.07,South America
936,-20.08388889,-48.18478912,493,12.2,178.4,South America
938,-20.08290973,-48.53557995,467,11.8,129.23,South America
940,-20.31071671,-49.16746447,441,17.6,348.81,South America
942,-20.86709127,-50.78534473,321,22.7,591.71,South America
943,-21.00762651,-46.0076214,761,24.7,928.08,South America
944,-20.58102027,-51.51984495,278,12.7,289.24,South America
946,-21.45871691,-49.49714356,379,14.5,511.18,South America
947,-22.03263129,-41.38667554,0,1.8,161.56,South America
950,-22.80145983,-50.89289079,324,25.9,407.17,South America
952,-23.33536445,-49.63375781,471,25.8,341.19,South America
962,-29.48699612,-49.90517865,1,5.7,116.79,South America
963,-29.70339952,-50.07979749,1,7.6,117.78,South America
964,-30.92392897,-57.86197938,32,10.3,533.46,South America
965,-32.09244724,-60.87188363,5,2.1,118.92,South America
966,-32.75454007,-56.33641687,73,12.2,718.48,South America
968,-33.14645589,-52.79907164,0,2.6,763.41,South America
969,-34.0376846,-53.68349037,4,5.3,166.03,South America
972,-35.99711412,-62.4531956,80,2.0,142.45,South America
973,-36.98343248,-62.51309806,103,3.2,137.55,South America
974,-37.13236111,-62.887103,96,3.9,149.74,South America
977,-38.21376099,-67.24079766,279,16.8,238.12,South America
978,-38.55183309,-68.80949729,414,7.0,395.81,South America
979,-38.60165595,-68.56564496,414,8.4,163.9,South America
984,-39.7578106,-71.33888417,894,76.2,105.09,South America
989,-40.83254083,-72.47046791,123,92.3,231.32,South America
990,-40.92017388,-71.52098531,769,156.1,528.44,South America
991,-41.1374903,-72.29372695,190,143.6,173.59,South America
992,-41.14358236,-72.80608564,53,184.1,861.27,South America
993,-43.30025838,-72.29575919,42,127.6,116.18,South America
994,-43.92537462,-71.54843321,927,83.0,139.04,South America
996,-45.46141678,-68.71804685,253,2.6,623.21,South America
999,-47.30444444,-71.97228938,152,101.8,298.95,South America
1001,-48.91808051,-71.22952043,285,18.2,349.05,South America
1003,-51.21255242,-72.71268722,24,61.6,189.63,South America
1005,-54.06898749,-69.04126023,120,44.4,144.31,South America
1006,-54.55626709,-67.69077403,28,69.9,586.39,South America
1024,69.50625,69.12500009,11,4.5,108.1,Europe
1026,69.45311347,160.2853714,7,5.7,125.4,Europe
1027,69.27083333,160.1552061,11,9.2,256.44,Europe
1036,68.375,30.82395885,66,19.7,585.33,Europe
1042,68.19375,155.0081669,12,9.2,140.36,Europe
1049,67.961951,27.52406003,228,4.5,321.87,Europe
1057,67.2210115,19.20811831,355,2.8,220.73,Europe
1060,66.68217163,32.22201685,28,18.1,636.71,Europe
1066,66.27799615,31.87513127,102,10.6,212.41,Europe
1071,66.1,30.96614459,93,19.3,865.63,Europe
1072,65.97246825,17.85164744,402,16.2,247.51,Europe
1080,65.62723796,32.18358957,98,16.0,973.0,Europe
1085,65.02083333,31.60142752,92,17.0,445.86,Europe
1089,64.33625975,27.24230909,106,7.0,889.77,Europe
1098,63.8810655,12.99337864,406,11.5,102.34,Europe
1101,63.60320638,125.1375884,91,10.9,118.87,Europe
1103,63.325,33.66568716,104,30.1,778.69,Europe
1104,63.080378,14.40583369,279,38.3,488.65,Europe
1105,63.1565095,23.72044812,54,17.0,144.44,Europe
1110,63.17265475,26.58902102,85,17.9,285.78,Europe
1111,62.869664,29.74883704,66,28.9,283.48,Europe
1112,62.93382475,30.72366824,128,18.4,182.25,Europe
1113,63.1973805,29.68654939,79,9.9,937.09,Europe
1117,62.8552645,25.98838405,86,5.4,640.85,Europe
1118,62.59270833,33.78645813,46,36.4,101.38,Europe
1121,62.31894463,36.89380009,128,13.8,353.71,Europe
1126,62.09754625,24.12835621,92,32.4,177.09,Europe
1129,62.01145833,30.95416621,62,26.9,194.32,Europe
1133,61.78625775,26.62099324,76,29.0,393.09,Europe
1135,61.7332255,23.79023255,90,29.7,303.61,Europe
1136,61.32708333,38.74854466,104,4.6,300.19,Europe
1138,61.2861995,26.79141077,57,31.3,168.62,Europe
1140,61.2039875,23.9100096,68,12.2,161.56,Europe
1141,61.34957725,24.13079433,79,10.9,115.72,Europe
1146,61.001543,22.29707964,26,20.7,153.02,Europe
1149,60.57313029,39.10183859,107,5.2,388.23,Europe
1150,60.8609275,14.76766807,144,25.9,290.88,Europe
1156,59.65884688,39.42197205,109,6.7,427.83,Europe
1157,59.69069417,65.70105223,38,8.5,429.31,Europe
1158,59.26019636,28.1720117,24,6.0,106.88,Europe
1160,59.231155,15.83482354,24,17.0,474.39,Europe
1163,58.27319716,31.30041423,16,12.5,959.75,Europe
1164,58.25201782,26.05195179,33,7.6,259.79,Europe
1166,57.53501004,70.46095989,59,4.0,190.09,Europe
1169,57.16361111,55.00621769,84,11.2,841.72,Europe
1170,56.9201155,13.66583214,141,15.4,172.52,Europe
1172,56.1261084,71.93085687,93,3.3,251.68,Europe
1174,55.98021227,8.211928827,-2,3.5,278.06,Europe
1177,55.397602,60.3939961,269,19.5,104.0,Europe
1179,54.98043958,78.5976824,103,3.4,226.52,Europe
1180,54.6202859,-6.406252007,10,7.8,374.73,Europe
1182,54.56979379,77.95942224,101,2.2,204.03,Europe
1186,53.75471951,21.71924897,112,15.6,120.06,Europe
1187,53.39957804,12.73098823,59,8.5,107.94,Europe
1190,53.45602445,140.0800159,0,13.5,139.76,Europe
1191,53.45764262,139.7147215,0,11.4,305.85,Europe
1193,53.42137939,-9.180505236,5,8.6,159.93,Europe
1195,52.9802752,79.56856856,94,2.8,672.26,Europe
1196,52.72122464,64.83630475,100,3.4,389.49,Asia
1199,52.92260023,-8.353040459,29,15.4,113.87,Europe
1201,52.62236111,111.4891865,944,8.6,102.83,Europe
1204,51.99801785,136.6362174,68,15.6,372.31,Europe
1210,51.4840077,136.5108647,72,3.1,180.03,Europe
1211,51.19970405,106.4234276,548,18.5,159.5,Europe
1212,50.7563916,60.88916939,299,1.8,119.4,Europe
1213,50.90458605,30.49918657,98,5.9,636.17,Europe
1214,50.56652778,51.67937613,13,6.2,237.89,Asia
1219,50.06971951,115.8089656,595,4.5,803.78,Europe
1220,49.83990502,136.362048,16,12.5,323.6,Europe
1221,49.86823792,75.56626107,620,6.8,147.21,Asia
1223,50.01788574,31.34656327,87,5.3,470.09,Europe
1224,49.4968965,90.51088247,1434,9.7,284.43,Asia
1230,48.90320184,93.47289221,1029,7.7,125.79,Asia
1233,48.813424,34.06522939,62,4.9,506.72,Europe
1236,48.09344672,93.19912629,1129,4.1,574.52,Asia
1239,47.77790188,93.37295136,1128,6.6,370.35,Asia
1240,47.80902147,117.7048812,577,6.3,598.48,Asia
1242,47.79650696,16.73529688,110,2.1,141.51,Europe
1245,47.21652222,87.21268804,478,8.0,854.89,Asia
1249,46.89818698,6.841284159,422,18.7,210.29,Europe
1250,46.92563694,87.45447132,479,20.9,165.81,Asia
1251,46.88183838,17.83831935,100,3.3,577.21,Europe
1252,46.72213243,124.3694012,135,6.9,132.18,Asia
1254,46.58137505,80.98170191,348,3.2,744.83,Asia
1255,46.27783461,42.90393596,11,0.5,788.34,Europe
1256,46.70680556,30.51843826,0,30.1,109.87,Europe
1257,46.70610229,124.1667625,136,5.2,429.94,Asia
1258,46.4351983,81.27923904,348,2.0,122.86,Asia
1259,46.54433011,35.33182345,0,6.6,221.09,Europe
1260,46.1497899,38.37847236,0,3.2,273.15,Europe
1262,46.20035102,61.8314383,55,6.9,148.78,Asia
1264,46.17513618,33.91130058,0,9.0,208.51,Europe
1265,46.23208296,30.339675,0,16.2,370.47,Europe
1266,46.10416952,34.36369715,0,6.7,468.59,Europe
1268,45.82676446,38.22623049,-5,2.0,106.82,Europe
1278,45.59475898,99.09604881,1311,6.8,277.88,Asia
1284,45.46520413,28.62124751,-1,13.5,225.08,Europe
1286,45.25393745,124.2967119,126,2.7,246.95,Asia
1288,45.04991726,100.6933097,1216,4.2,114.13,Asia
1289,44.99672307,39.26134508,24,11.3,269.16,Europe
1290,44.86442748,82.96221786,194,1.4,564.86,Asia
1292,44.82060212,29.04733325,-1,0.5,510.74,Europe
1296,44.60774643,12.17046406,-3,1.7,103.79,Europe
1297,43.46125983,126.9433662,243,47.4,193.3,Asia
1298,43.47666667,5.080582339,0,23.3,159.05,Europe
1300,43.30284166,116.6498353,1223,7.7,213.64,Asia
1301,43.13752224,12.10277165,253,10.3,119.38,Europe
1302,42.59279609,11.92896073,304,18.3,113.44,Europe
1304,41.96934258,87.05416385,1050,9.1,961.84,Asia
1305,41.84330878,75.15457665,3011,6.5,274.73,Asia
1314,40.95035956,108.8948363,1020,1.0,327.2,Asia
1315,40.64169135,75.30672414,3526,8.5,151.84,Asia
1316,40.61383124,64.52501136,151,3.5,106.09,Asia
1321,40.16991536,28.62460206,1,9.7,118.17,Asia
1322,40.19307671,27.96712751,14,4.8,149.39,Asia
1323,40.04002344,117.5673158,16,13.1,118.62,Asia
1324,39.85276827,64.84624122,220,3.1,183.71,Asia
1325,39.72584689,78.72491665,1111,8.4,102.82,Asia
1327,39.11335548,64.13927871,180,7.1,295.78,Asia
1331,38.86986667,93.87824976,2793,8.2,102.62,Asia
1339,38.11524312,90.7745235,2854,3.5,123.0,Asia
1344,37.5515309,89.33351979,3876,10.0,616.34,Asia
1347,37.50152683,93.94240167,2686,2.4,204.51,Asia
1350,37.14445123,96.94531832,2805,9.9,142.97,Asia
1352,37.0674056,88.42585524,4251,13.6,354.71,Asia
1353,36.96173164,95.22769625,2680,2.0,321.88,Asia
1357,36.35817695,89.39332443,4713,4.1,225.85,Asia
1359,36.01081746,116.2026479,38,8.2,139.85,Asia
1361,36.05646204,140.3266306,0,7.0,168.26,Asia
1365,36.07824273,38.06964193,302,18.2,636.77,Asia
1367,35.73481337,92.88473062,4475,16.6,261.4,Asia
1370,35.54929688,91.91671958,4753,14.7,255.38,Asia
1371,35.30215088,98.56468458,4081,42.7,231.17,Asia
1373,35.20824924,79.85986313,4844,9.6,165.96,Asia
1374,35.22089952,90.31268631,4772,5.5,269.64,Asia
1377,34.94024477,97.69393646,4267,17.4,617.76,Asia
1382,34.95081596,81.56362023,4904,8.5,107.02,Asia
1385,34.91361663,97.25206134,4290,9.0,520.58,Asia
1388,34.60371521,117.2580114,28,3.0,175.3,Asia
1392,34.29715778,42.20337745,138,32.4,339.21,Asia
1395,34.1510454,79.78409442,4961,20.0,113.96,Asia
1396,34.10930651,118.2082243,17,3.9,247.63,Asia
1401,33.94903429,80.90908955,4525,19.7,105.06,Asia
1403,33.60378479,79.70153482,4239,50.0,332.93,Asia
1404,33.49091492,90.3620674,4935,25.7,472.55,Asia
1407,33.27198771,43.5236041,43,2.7,193.38,Asia
1413,32.89374729,78.32081196,4522,35.5,141.25,Asia
1414,32.79990668,35.58865638,-216,23.5,162.06,Asia
1417,32.67556695,111.5626721,134,72.9,286.45,Asia
1419,32.45986437,89.98395722,4615,8.2,149.16,Asia
1423,31.98671563,76.05910915,407,45.2,189.4,Asia
1424,32.0251633,91.47307005,4585,33.7,188.28,Asia
1428,31.71250068,88.02950343,4554,19.2,346.7,Asia
1429,31.55373386,88.77369104,4563,37.9,267.15,Asia
1430,31.57292779,117.4488973,5,2.6,786.91,Asia
1431,31.539874,82.97655146,4716,10.0,498.06,Asia
1433,31.5117787,90.97436753,4529,12.2,148.14,Asia
1434,31.58290283,119.8145211,0,2.9,161.56,Asia
1437,31.40647583,84.07130807,4424,2.3,146.74,Asia
1438,31.4276964,120.7908895,1,1.7,124.24,Asia
1439,31.13594252,88.35462637,4649,32.1,477.0,Asia
1440,31.25253282,90.58831893,4560,18.3,200.64,Asia
1443,31.23709323,84.95750126,4623,11.3,105.95,Asia
1447,31.02196737,87.16095602,4685,8.7,389.33,Asia
1448,30.93733887,89.63755667,4656,5.3,102.74,Asia
1452,30.72032945,81.21745038,4570,32.5,261.27,Asia
1455,30.29074897,32.39543197,0,6.3,205.34,Africa
1456,30.44714166,112.4605426,27,2.9,128.23,Asia
1457,30.27807482,86.40910341,4714,36.3,205.49,Asia
1460,30.16684028,116.4511648,9,5.7,128.37,Asia
1462,30.03285563,114.2061852,17,5.2,101.95,Asia
1463,29.97174533,116.2203687,9,5.5,302.31,Asia
1464,29.85572914,113.3027184,19,2.2,215.13,Asia
1467,29.59611247,118.9621674,100,50.9,424.57,Asia
1468,29.47094309,30.62752972,-47,4.0,233.84,Africa
1472,29.27515554,115.2129453,55,39.2,201.81,Asia
1473,28.97676463,90.92388605,4442,28.2,566.97,Asia
1477,28.560275,90.40034633,5013,36.4,283.19,Asia
1481,24.82579064,75.60078241,346,16.9,171.42,Asia
1483,24.84861051,102.7207603,1886,19.7,298.34,Asia
1484,24.45482063,75.47788714,386,14.0,523.51,Asia
1485,24.49368679,102.8871754,1721,65.3,215.37,Asia
1487,24.08059852,82.76740834,265,26.6,398.8,Asia
1496,22.85595839,79.94916313,414,25.6,153.38,Asia
1497,22.74851468,82.56560745,348,32.9,103.78,Asia
1499,22.75227797,92.14796894,31,19.8,326.94,Asia
1503,21.40887845,84.90416188,122,16.2,310.88,Asia
1506,19.67809399,85.25671111,1,2.5,843.22,Asia
1507,19.53312361,75.22759291,460,10.6,274.87,Asia
1509,18.98419923,78.2652175,329,9.4,335.78,Asia
1519,16.43136244,79.21316458,160,59.2,195.9,Asia
1524,16.02996174,78.0821241,263,16.3,536.42,Asia
1527,14.43247599,32.16528717,380,3.7,933.5,Africa
1530,14.95802895,101.0527779,39,51.5,115.46,Asia
1533,14.72611847,99.03700518,172,51.4,346.4,Asia
1539,13.29627814,40.91125317,-112,13.2,123.6,Africa
1540,13.08642137,-10.37908063,207,25.7,438.38,Africa
1548,11.1795379,41.79218199,240,15.8,311.84,Africa
1551,10.79951389,14.96577039,312,0.4,115.94,Africa
1572,6.416627333,12.76780495,844,12.7,204.93,Africa
1612,-7.021724514,35.84042469,698,7.2,443.68,Africa
1623,-11.09737766,29.67233179,1162,6.5,163.5,Africa
1626,-14.60521349,35.88159581,628,3.9,143.85,Africa
1629,-15.71680505,25.97716665,1029,17.3,328.54,Africa
1634,-17.48183851,48.51130072,752,2.4,172.56,Africa
1639,-20.20251108,127.4508114,269,5.4,127.28,Oceania
1644,-21.95846361,43.69009667,50,5.0,167.1,Africa
1655,-26.20327386,122.4742662,439,0.5,827.24,Oceania
1656,-26.72303277,123.2477769,436,7.1,191.69,Oceania
1657,-26.98916395,28.18294934,1486,11.1,287.81,Africa
1663,-28.0735182,32.47866865,2,16.3,321.88,Africa
1665,-28.74092909,124.4364718,334,7.0,212.69,Oceania
1669,-29.28895345,139.6961826,0,2.9,466.74,Oceania
1672,-29.42805569,121.9614742,346,4.3,182.56,Oceania
1674,-29.67642714,115.7895744,240,6.5,115.19,Oceania
1676,-29.90133735,122.145468,334,4.7,120.66,Oceania
1678,-30.63274526,25.81930324,1259,19.3,294.36,Africa
1687,-32.2002436,135.9705681,118,10.4,246.16,Oceania
1690,-33.99362603,141.2764724,27,6.3,107.51,Oceania
1692,-35.51892008,139.0230041,0,0.6,862.54,Oceania
1696,-38.09542399,147.3152635,1,2.3,146.61,Oceania
1697,-38.18994642,143.4050768,113,5.2,213.31,Oceania
1698,-38.80702732,175.9312567,356,96.6,611.94,Oceania
1704,-44.44581445,169.3182892,347,100.5,147.87,Oceania
1707,-45.18606941,167.7383015,204,168.8,332.56,Oceania
2119,69.78673358,-94.13764796,34,9.9,55.37,North America
2149,69.58186597,-129.9808676,8,7.9,54.96,North America
2166,69.58838341,-110.1462436,103,7.8,65.73,North America
2202,69.37798804,-124.6525467,15,5.5,39.91,North America
2260,68.95128765,-133.6397905,4,4.9,62.96,North America
2317,68.69562864,-125.5342112,170,12.8,40.95,North America
2332,68.67526356,-111.3855292,106,10.9,44.84,North America
2336,68.63460283,-126.0891349,158,15.7,85.71,North America
2408,68.1224807,-126.6196932,213,17.3,65.79,North America
2480,67.84818281,-131.4013948,130,22.9,45.91,North America
2577,67.38642985,-125.9129962,246,14.0,75.03,North America
2718,66.99061778,-128.9349641,197,14.7,51.87,North America
2738,66.90491181,-128.4150993,91,13.5,59.74,North America
2782,66.65425536,-123.9789794,282,4.3,59.2,North America
2811,66.57285641,-113.7863566,429,29.4,68.96,North America
2816,66.66737923,-113.5740449,436,28.4,58.12,North America
2857,66.28330967,-98.47683573,143,10.7,52.26,North America
2882,66.16879005,-127.4205031,60,13.8,88.14,North America
2896,66.23012388,-93.82039185,275,9.6,50.8,North America
2934,66.05513058,-99.31495324,125,13.0,64.75,North America
2949,65.9684283,-123.084452,166,5.0,43.15,North America
3035,65.55975708,-118.6084358,160,8.1,43.41,North America
3052,65.58675003,-50.2286686,470,32.6,54.8,North America
3191,65.06320308,-117.7831612,184,15.4,48.69,North America
3237,64.94119109,-108.6324634,382,6.7,44.29,North America
3251,64.87704498,-116.4362208,263,16.0,11.24,North America
3263,64.88099801,-116.6045166,264,32.1,31.87,North America
3271,64.82920559,-116.4622774,275,21.4,34.66,North America
3273,64.85682815,-112.9739666,407,7.8,66.03,North America
3365,64.48668401,-108.1872476,379,14.1,49.62,North America
3411,64.35722845,-122.0071516,216,3.1,74.88,North America
3430,64.29113014,-97.57412526,121,12.1,98.59,North America
3482,64.17905564,-96.19660348,2,3.7,11.14,North America
3589,63.88887675,-113.6121308,338,10.5,50.13,North America
3602,63.76999696,-95.33905782,51,10.2,64.92,North America
3605,63.72372016,-109.0313733,389,5.7,62.47,North America
3606,63.75860472,-117.1583001,187,17.3,50.84,North America
3634,63.77857909,-100.9704955,203,5.0,60.75,North America
3640,63.71325901,-98.1767255,128,8.6,51.05,North America
3644,63.64431742,-109.9755693,391,15.9,69.51,North America
3682,63.59825508,-100.9689725,229,2.9,31.15,North America
3701,63.46486642,-93.20217347,19,5.4,85.24,North America
3732,63.50405096,-95.2975528,70,24.6,87.45,North America
3777,63.20333785,-118.900635,255,3.6,64.23,North America
3798,63.18890368,-115.9792121,138,14.7,44.87,North America
3809,63.14266413,-98.444556,159,5.4,67.81,North America
3811,63.13514903,-106.1724952,349,5.9,46.97,North America
3835,62.9399492,-122.2365122,394,5.1,68.18,North America
3841,62.9830683,-117.8978754,267,3.1,45.26,North America
3861,62.95072831,-96.45384499,69,12.7,50.62,North America
3897,62.7804683,-107.022643,349,4.3,14.46,North America
3911,62.76713289,-100.6150599,234,20.6,61.54,North America
3949,62.62194144,-117.9302904,265,3.7,53.81,North America
3970,62.57328311,-100.7016476,225,29.9,52.78,North America
4003,62.37865569,-110.414239,153,26.0,26.66,North America
4013,62.32331042,-119.3777187,616,19.6,50.96,North America
4030,62.27959234,-103.2843606,285,8.5,61.72,North America
4089,62.07392071,-116.5841517,187,5.7,85.94,North America
4112,61.99715987,-97.68905452,139,9.0,94.38,North America
4144,61.82820955,-106.3246897,390,5.0,96.93,North America
4151,61.78913147,-122.7354623,321,7.6,47.56,North America
4283,61.34997721,-105.6353116,365,14.0,87.2,North America
4337,61.18928566,-102.2468295,343,9.8,60.88,North America
4396,61.02908085,-96.2512948,139,6.5,75.37,North America
4419,61.03523577,-163.2614045,10,1.0,50.46,North America
4433,60.93910301,-121.619868,507,2.7,42.8,North America
4477,60.84867411,-98.63481575,266,7.7,49.62,North America
4495,60.85591388,-98.79232662,249,9.2,61.25,North America
4506,60.67791411,-103.779526,344,6.3,58.53,North America
4528,60.68828131,-96.5290771,129,4.8,43.18,North America
4569,60.50589572,-99.16813512,274,4.1,14.83,North America
4654,60.22319044,-114.6408413,258,5.4,74.0,North America
4655,60.333228,-75.28025766,159,12.0,58.81,North America
4657,60.28848719,-111.0056942,250,20.8,43.23,North America
4666,60.27442137,-100.7992326,320,7.4,57.72,North America
4754,59.884326,-75.28597055,138,7.8,80.8,North America
4769,59.94973855,-163.2718939,3,1.3,37.62,North America
4787,59.86795381,-123.3015886,410,7.7,47.92,North America
4793,59.88987994,-110.1074345,312,14.7,52.8,North America
4816,59.77994726,-158.7406607,38,37.9,47.1,North America
4882,59.66125383,-158.7604638,26,32.3,90.72,North America
4906,59.51714588,-103.8613272,368,7.7,48.26,North America
4912,59.51210756,-108.5557784,240,26.8,47.68,North America
4956,59.38698188,-73.62430695,137,3.4,19.9,North America
4974,59.3619333,-158.8910199,4,21.0,84.02,North America
4989,59.1694379,-107.182105,230,5.0,79.92,North America
5043,59.08343761,-121.1341974,621,3.3,81.24,North America
5055,58.95756739,-115.3999086,823,13.5,78.85,North America
5063,59.03308313,-114.4651626,658,10.0,47.14,North America
5068,58.92053292,-105.7814634,276,6.0,29.05,North America
5072,58.90842632,-100.402882,321,4.0,47.65,North America
5101,58.84280647,-105.757599,278,9.9,50.77,North America
5104,58.86355875,-99.75839821,286,4.1,48.56,North America
5203,58.50199503,-155.8977172,20,28.0,75.13,North America
5213,58.55953918,-97.25421421,300,2.9,42.45,North America
5242,58.42819797,-112.1996101,207,1.1,21.59,North America
5246,58.39560078,-111.0562969,208,2.3,77.39,North America
5316,58.02780492,-75.16453084,166,7.5,43.3,North America
5323,58.00116097,-100.288364,359,2.7,47.5,North America
5336,57.92602778,-106.909186,391,9.9,48.69,North America
5345,57.926451,-107.1561569,433,10.6,42.46,North America
5354,57.83527137,-96.87082435,268,5.4,69.94,North America
5364,57.90630991,-104.8888647,509,14.0,47.03,North America
5435,57.56123785,-74.67638106,189,23.2,51.48,North America
5460,57.41657524,-112.710412,719,13.2,43.31,North America
5648,56.65434783,-100.2287388,265,12.5,69.6,North America
5677,56.58540071,-95.84140419,189,3.9,24.25,North America
5681,56.5793856,-96.00014832,189,3.1,22.53,North America
5761,56.33123869,-95.32839507,152,3.0,29.98,North America
5763,56.31961136,-110.0152494,463,2.8,57.85,North America
5779,56.23637049,-117.7829476,640,3.6,48.82,North America
5783,56.21572877,-96.5277198,176,11.1,65.08,North America
5808,56.18387503,-98.28481115,249,10.9,53.09,North America
5815,56.06880321,-100.4844173,262,14.4,45.85,North America
5829,56.12749415,-100.1965047,264,9.2,49.74,North America
5839,56.09628505,-97.19170867,201,5.8,51.9,North America
5860,55.92865526,-107.6846245,413,5.3,50.06,North America
5889,55.90404504,-113.7654624,539,7.0,62.13,North America
5890,55.90319196,-61.46905762,0,10.2,41.39,North America
5962,55.78246959,-105.0845646,372,19.2,62.19,North America
5985,55.56043226,-108.3271463,427,2.9,81.77,North America
5999,55.55301481,-93.23410597,151,4.0,58.8,North America
6003,55.55823678,-95.71280202,193,3.0,43.97,North America
6020,55.57648477,-98.54739524,233,9.7,72.59,North America
6025,55.49292448,-95.75083058,193,3.1,66.93,North America
6033,55.45093867,-106.4632411,380,7.5,48.89,North America
6152,55.10003765,-108.5265373,466,32.2,67.25,North America
6162,55.10463111,-117.5244085,673,10.0,47.57,North America
6164,55.04480828,-94.16541916,172,3.6,81.78,North America
6171,55.08616033,-92.84015259,152,2.4,50.34,North America
6192,54.97841605,-102.6600823,307,10.8,19.0,North America
6236,54.88818235,-108.1311179,451,10.8,92.79,North America
6241,54.86027329,-98.17527791,186,6.3,44.98,North America
6289,54.78358499,-64.07733692,486,2.0,45.32,North America
6334,54.60036696,-92.70845815,191,3.8,99.95,North America
6351,54.62331205,-92.30885239,186,2.6,46.32,North America
6354,54.55613089,-97.80802944,205,7.2,64.15,North America
6402,54.51315011,-97.62269931,205,5.6,38.91,North America
6403,54.4921713,-105.9672458,584,7.5,75.28,North America
6407,54.52311909,-92.23044201,184,4.9,53.82,North America
6409,54.50777556,-94.88566649,181,6.1,83.74,North America
6411,54.48064254,-108.4651178,468,9.2,84.72,North America
6413,54.55366728,-95.44938708,185,11.2,86.0,North America
6414,54.4683121,-107.4348466,463,7.4,94.4,North America
6415,54.50659421,-96.71147026,222,4.3,83.85,North America
6418,54.47536396,-99.68306724,260,5.6,78.36,North America
6444,54.44025246,-104.1137253,389,3.7,81.22,North America
6490,54.36300095,-102.5760525,288,4.1,48.06,North America
6495,54.3670937,-87.53721554,101,2.6,51.52,North America
6498,54.34267997,-76.99446155,182,4.3,46.93,North America
6545,54.15017265,-110.6817784,555,17.0,68.49,North America
6584,54.0828855,-124.7118791,666,29.0,54.13,North America
6596,54.02402368,-100.6672954,253,1.4,81.71,North America
6603,54.08458252,-106.4459664,535,20.6,59.25,North America
6619,53.97613054,-69.05664136,537,3.2,40.45,North America
6632,53.96070995,-106.1937609,529,22.1,70.12,North America
6645,53.91053951,-84.3812088,102,2.7,58.53,North America
6669,53.91700773,-110.3225021,569,14.1,57.47,North America
6671,53.96725388,-65.85416135,480,6.1,91.74,North America
6734,53.70522517,-114.3932528,720,7.2,55.83,North America
6757,53.65579093,-100.2231984,254,2.2,22.35,North America
6764,53.64769159,-101.0747483,254,1.0,27.85,North America
6775,53.65834906,-115.3812393,785,6.9,73.41,North America
6797,53.59795171,-108.8767106,629,8.5,45.35,North America
6830,53.62332315,-108.6015922,651,4.9,67.43,North America
6835,53.44540344,-107.5750022,580,1.8,55.16,North America
6993,53.07888523,-108.4135575,525,9.0,71.7,North America
7014,53.02308523,-114.0533928,845,10.0,97.41,North America
7029,52.93500807,-91.71504613,284,3.4,71.03,North America
7036,52.90180513,-90.8760932,296,5.1,27.36,North America
7055,52.87941348,-99.35979872,254,5.9,48.32,North America
7057,52.82769732,-99.48075706,254,3.9,75.32,North America
7084,52.76230203,-96.58162771,231,7.5,54.63,North America
7120,52.69114354,-107.1716676,498,6.8,49.44,North America
7142,52.61255968,-105.2791389,507,3.1,34.5,North America
7173,52.51727903,-92.93365592,321,10.5,66.8,North America
7175,52.50727661,-104.9750012,521,2.9,74.84,North America
7191,52.53924287,-113.9940367,895,4.6,79.28,North America
7204,52.42069379,-99.40316491,258,1.9,55.1,North America
7209,52.48002233,-112.8599075,775,3.9,86.19,North America
7237,52.35723558,-114.1578745,933,15.0,42.38,North America
7430,51.54396507,-68.78464512,485,11.4,24.55,North America
7449,51.47803404,-85.58767284,152,2.1,49.15,North America
7453,51.5610494,-102.6709995,481,3.9,46.74,North America
7494,51.42286548,-91.87811035,388,4.9,50.95,North America
7563,51.26254835,-93.83819855,366,8.5,55.15,North America
7603,51.10020605,-56.6913152,52,13.6,50.01,North America
7621,50.96218127,-87.83301294,298,10.9,76.87,North America
7638,50.99191645,-77.3870196,240,5.6,46.24,North America
7718,50.79235342,-68.5021292,357,24.5,67.68,North America
7721,50.75036822,-93.48681714,345,12.4,86.77,North America
7748,50.71454841,-71.32201181,436,10.4,62.71,North America
7773,50.48928774,-97.67979262,257,1.0,32.12,North America
7774,50.57029615,-87.41246259,300,9.8,48.84,North America
7837,50.44060679,-111.9434597,764,1.9,61.28,North America
7862,50.29868589,-97.97760231,245,1.0,21.88,North America
7891,50.19339906,-57.51879479,2,10.1,32.08,North America
7930,50.04478843,-92.26161756,363,10.5,69.39,North America
7960,49.94414269,-78.15476436,246,4.3,87.43,North America
8036,49.68087583,-100.7418575,426,1.0,29.42,North America
8088,49.4320453,-85.05418043,295,7.1,53.95,North America
8096,49.34149035,-76.3655724,287,14.8,70.3,North America
8127,49.36054844,-88.87950829,249,18.8,48.89,North America
8136,49.24153831,-95.68366621,341,2.8,68.57,North America
8201,48.97581373,-57.001987,308,5.1,54.43,North America
8202,49.07040634,-76.96917148,275,12.2,48.19,North America
8270,48.66195783,-80.94028685,271,10.1,38.67,North America
8276,48.68525928,-92.63672708,334,8.1,14.4,North America
8294,48.47463253,-79.24360845,263,12.2,47.94,North America
8341,48.34508613,-56.21152295,246,6.9,90.62,North America
8377,48.05746514,-77.90249535,291,9.7,95.88,North America
8388,48.17200745,-56.00544198,184,9.4,49.76,North America
8408,48.10261837,-77.21619465,316,5.6,51.39,North America
8411,48.05810404,-92.90249698,390,6.4,46.62,North America
8481,47.59192123,-74.10428801,405,20.5,50.31,North America
8484,47.61652262,-101.2468285,557,4.2,61.15,North America
8514,47.35287503,-94.56829467,393,9.0,18.81,North America
8567,47.10425082,-88.50502083,179,13.5,47.41,North America
8580,47.0242281,-119.4022325,314,6.8,60.7,North America
8609,47.06136196,-79.4056019,174,27.9,49.06,North America
8633,46.71478312,-100.1537463,519,3.5,60.26,North America
8638,46.63242058,-96.01789295,397,2.0,14.44,North America
8641,46.562587,-95.98742032,397,9.0,24.06,North America
8645,46.49809224,-89.57611539,391,6.5,52.64,North America
8713,46.11756416,-61.17872254,57,18.9,57.18,North America
8718,46.22084986,-69.29579349,286,2.5,52.48,North America
8736,46.04593878,-89.65859601,490,11.0,15.24,North America
8770,45.83290706,-82.29252256,209,14.7,56.24,North America
8783,45.68839972,-96.76079702,295,6.1,42.55,North America
8793,45.75705696,-82.20034631,193,11.7,38.13,North America
8804,45.71867226,-67.81708407,131,2.2,63.34,North America
8817,45.58216933,-84.7036448,214,7.8,14.66,North America
8819,45.50230197,-84.53514677,175,12.3,67.14,North America
8838,45.46944214,-84.68201923,177,16.1,69.09,North America
8848,45.23695576,-85.07457529,172,18.5,68.39,North America
8854,45.29628379,-74.13708874,37,2.3,13.82,North America
8859,45.27907748,-97.30773018,543,1.7,24.43,North America
8924,44.79371977,-111.245988,1992,13.5,48.12,North America
8966,44.56825912,-97.07844938,499,5.4,30.61,North America
8976,44.5288925,-69.83153,73,1.6,33.91,North America
8993,44.34937856,-84.73796986,343,5.7,80.24,North America
9015,44.26105058,-97.45303598,510,2.6,48.75,North America
9032,43.91716132,-77.20523405,73,3.8,11.49,North America
9046,43.7479735,-71.52767555,170,2.4,26.8,North America
9074,43.19127869,-74.16211273,229,10.0,97.56,North America
9078,43.2378146,-86.29323587,175,5.0,16.49,North America
9086,43.12837789,-89.42022411,258,4.8,41.12,North America
9100,42.87298679,-88.9636817,235,7.5,43.7,North America
9124,42.40332425,-72.29846994,159,23.2,96.11,North America
9129,42.17626112,-79.42896862,399,2.7,53.34,North America
9151,41.58898759,-80.5190908,305,9.9,55.19,North America
9182,40.52241288,-84.49820459,264,3.7,49.75,North America
9243,38.58198235,-122.2164203,131,29.6,66.28,North America
9340,35.76850898,-76.46340072,2,3.7,63.07,North America
9360,35.47666233,-114.6724255,198,22.7,98.68,North America
9411,34.06536957,-95.4136531,127,32.8,47.87,North America
9420,33.7489955,-93.9799983,81,24.5,93.21,North America
9427,33.59015473,-80.49141157,23,4.3,62.05,North America
9430,33.41835714,-97.01490152,194,34.7,68.71,North America
9432,33.31926778,-95.65173724,134,24.3,40.44,North America
9443,33.13063137,-96.99949649,157,39.2,65.48,North America
9460,32.90292657,-96.49256787,135,9.0,79.89,North America
9475,32.45170112,-90.02818424,89,47.2,89.1,North America
9484,32.21917209,-95.48194261,109,6.9,47.09,North America
9485,32.11416138,-95.46160411,109,45.0,28.66,North America
9509,30.93645684,-95.29306994,42,6.4,13.75,North America
9512,30.85355075,-95.22692827,42,8.5,61.81,North America
9523,30.48227281,-95.58637379,63,9.3,27.28,North America
9526,30.39507378,-95.57747638,63,20.0,43.7,North America
9528,30.31915337,-96.56795132,72,29.1,43.58,North America
9533,30.02014404,-93.41628085,1,1.0,58.97,North America
9543,29.92086263,-90.57789972,1,1.5,69.92,North America
9547,29.88931957,-91.15762907,3,3.3,56.78,North America
9597,28.75662387,-81.81072046,18,7.7,72.33,North America
9605,28.49208062,-98.35580523,60,24.3,55.08,North America
9622,27.91165209,-109.8312567,70,43.3,74.84,North America
9630,27.50983025,-114.0886118,0,1.7,61.83,North America
9634,27.48235548,-100.657189,258,16.6,83.89,North America
9636,27.37156589,-81.2996764,11,2.4,91.0,North America
9639,27.25026177,-109.0936095,111,66.4,15.27,North America
9690,22.72282681,-80.17532364,32,2.5,59.3,North America
9691,22.63973891,-98.72431416,50,2.1,66.78,North America
9692,22.41021457,-98.21210536,0,2.0,31.32,North America
9695,22.34643975,-98.12863257,0,5.2,57.98,North America
9702,22.21686361,-98.08382579,0,1.2,64.04,North America
9704,22.19552843,-105.3406297,0,1.4,22.76,North America
9705,22.14347724,-97.89102297,0,7.6,87.55,North America
9713,21.84925578,-79.39961886,33,24.7,41.27,North America
9738,19.9249093,-100.9267181,1831,7.3,62.04,North America
9739,19.61409917,-101.6488839,2037,11.6,77.01,North America
9760,18.58222371,-92.15633897,5,4.8,86.48,North America
9761,18.40562859,-91.78566841,-3,3.1,58.93,North America
9763,18.40758884,-95.06750723,336,30.6,72.49,North America
9785,17.35164551,-88.32813136,2,1.3,39.85,North America
10233,-14.47898749,-71.21991219,3956,41.8,55.32,South America
10243,-14.91822673,-55.76362717,258,52.6,49.39,South America
10246,-15.29060104,-73.69181782,3274,3.0,70.14,South America
10261,-15.72757267,-70.74194268,4174,12.5,64.14,South America
10311,-18.57956679,-49.45731978,434,9.2,56.54,South America
10368,-25.30848343,-57.33655865,60,8.4,57.82,South America
10381,-26.17322394,-57.47926984,56,2.2,43.78,South America
10402,-28.07470866,-56.71759564,66,1.2,15.64,South America
10406,-28.07274753,-56.78313366,65,2.2,86.14,South America
10423,-29.18650906,-49.69658461,-1,1.2,37.6,South America
10436,-29.8042372,-50.19204245,0,3.8,47.32,South America
10441,-29.92975911,-50.37170834,8,9.1,90.35,South America
10455,-30.52954654,-50.62979049,-1,1.0,16.47,South America
10464,-31.38017402,-60.54546639,11,1.8,85.53,South America
10470,-32.21321628,-64.48537243,531,12.1,46.45,South America
10474,-32.62169,-55.75249233,73,3.2,13.42,South America
10490,-33.71459934,-61.47021107,84,1.5,93.81,South America
10500,-34.3188189,-53.93230511,-4,2.2,69.56,South America
10530,-35.95588559,-62.52340084,78,2.7,37.36,South America
10537,-36.84416945,-62.06605637,107,2.6,85.72,South America
10539,-36.92097955,-62.31581571,105,2.4,49.83,South America
10540,-37.03023166,-62.66388744,103,2.5,70.28,South America
10560,-38.61735311,-63.08779956,-21,3.8,56.64,South America
10567,-38.91743245,-71.1416145,1153,18.9,55.9,South America
10573,-39.13215441,-71.7782497,470,80.0,49.01,South America
10583,-40.27874471,-72.02954245,90,82.9,48.32,South America
10590,-40.65218452,-70.97818575,695,60.2,53.39,South America
10593,-40.58730116,-71.49249673,805,84.9,74.91,South America
10602,-42.16072734,-71.63996731,192,87.3,44.41,South America
10614,-43.02105659,-71.75875493,482,68.2,82.16,South America
10626,-44.91368734,-71.50899881,926,24.5,80.7,South America
10638,-46.93437297,-72.85592724,204,91.7,66.09,South America
10652,-48.01058377,-72.31239569,798,60.9,39.61,South America
10665,-49.91397841,-73.21916067,302,52.6,10.88,South America
10674,-51.88718391,-72.32339683,7,5.9,72.53,South America
10675,-52.03125,-72.46734346,49,11.5,82.08,South America
10686,-53.9568925,-69.40792476,150,24.4,50.89,South America
10690,-54.40690036,-67.73598753,43,25.6,42.89,South America
10787,72.86541646,89.14609178,75,14.0,44.22,Europe
10851,71.78849521,88.58014134,5,8.7,51.17,Europe
10993,70.85000814,138.3844613,6,1.9,99.45,Europe
11089,70.19375,87.70416701,45,21.1,70.19,Europe
11151,69.6604625,24.21063733,356,25.2,67.68,Europe
11192,69.38875732,160.1112531,6,3.4,70.35,Europe
11217,69.234351,28.03897394,108,6.4,43.3,Europe
11237,69.16443278,70.13612774,7,8.4,46.44,Europe
11357,68.66381565,154.9067939,18,4.4,46.03,Europe
11411,68.36787245,154.9862329,27,2.8,23.65,Europe
11419,68.36041667,151.9744773,2,14.4,50.71,Europe
11425,68.38532579,155.1597268,10,3.9,64.35,Europe
11443,68.30517849,89.66456172,48,7.6,13.91,Europe
11445,68.2804267,71.07193169,27,7.8,65.54,Europe
11468,68.18123305,151.1584271,5,8.5,14.42,Europe
11593,67.70706855,154.5016749,11,8.9,52.22,Europe
11642,67.24394124,50.26089401,17,1.0,48.22,Europe
11663,67.06518625,18.35082725,456,18.2,92.02,Europe
11666,67.0345364,34.12428719,31,6.8,79.81,Europe
11704,66.69800975,18.71718862,401,11.5,60.4,Europe
11707,66.59170803,85.32052438,52,17.2,44.23,Europe
11716,66.5939085,24.38139347,63,14.3,53.35,Europe
11781,66.11254137,64.01876085,24,5.7,51.95,Europe
11791,66.0732765,18.03249146,411,7.9,35.38,Europe
11804,66.04574856,47.98425839,60,5.7,42.72,Europe
11810,65.97890218,46.23371973,42,5.6,11.13,Europe
11834,65.80641775,28.46774807,219,9.7,43.03,Europe
11866,65.50104167,91.21767274,373,14.7,58.99,Europe
11902,65.17891375,-19.65747297,451,7.5,53.44,Europe
11916,65.05923258,33.35320414,54,7.7,52.2,Europe
11976,64.574184,13.96099625,302,7.6,65.52,Europe
11991,64.44292399,34.02360475,84,9.4,40.97,Europe
12019,64.20038375,27.89859997,117,12.3,94.45,Europe
12021,64.10151028,34.30615038,40,16.6,83.32,Europe
12051,64.075367,13.04125427,438,7.5,16.52,Europe
12060,63.96459757,35.13664555,63,7.4,71.8,Europe
12093,63.75833333,35.45836753,91,6.0,48.6,Europe
12101,63.65616455,34.23991933,78,4.6,55.28,Europe
12150,63.475,33.025,105,18.3,80.05,Europe
12163,63.37928125,25.48652617,101,7.1,45.97,Europe
12213,63.03768125,12.00749954,712,9.5,65.51,Europe
12234,62.83155178,35.37500044,118,11.0,46.39,Europe
12250,62.6193635,25.76597633,87,16.6,97.6,Europe
12266,62.719949,25.44580171,120,17.3,59.6,Europe
12284,62.60315416,34.06255182,48,10.9,81.44,Europe
12300,62.54556071,162.3601286,27,3.5,47.01,Europe
12336,62.38958333,33.81814858,27,18.4,41.87,Europe
12341,62.31156616,33.7363607,34,15.5,15.3,Europe
12404,62.05330539,38.21878631,68,19.7,69.56,Europe
12406,62.084375,72.92083392,70,2.1,41.24,Europe
12424,62.014437,27.38068939,81,10.3,19.62,Europe
12465,61.87077025,16.73245126,32,15.0,79.88,Europe
12472,61.78333333,32.99270856,90,17.6,74.68,Europe
12482,61.8048365,16.72497792,34,14.1,49.86,Europe
12491,61.71875,38.08958322,134,14.5,51.72,Europe
12507,61.5482076,32.72924086,68,24.3,53.94,Europe
12591,61.11690335,76.72310625,46,2.5,49.77,Europe
12609,61.07247475,14.54801963,145,9.2,52.1,Europe
12614,60.98036175,26.42770274,50,19.7,61.51,Europe
12628,60.9220125,26.42664705,53,11.6,14.32,Europe
12639,60.85833333,65.21353994,43,13.2,49.31,Europe
12689,60.57348125,16.70510879,47,9.4,69.93,Europe
12690,60.57916599,38.88020732,104,2.7,13.26,Europe
12691,60.64999186,64.98022309,36,14.1,88.67,Europe
12710,60.55947401,63.92800597,38,3.2,85.76,Europe
12717,60.5305055,15.65328674,108,10.3,63.19,Europe
12760,60.2125,68.375,15,12.4,42.16,Europe
12791,60.07245075,15.57367949,102,14.4,34.77,Europe
12809,59.844669,18.59955034,15,7.2,23.14,Europe
12810,59.91262425,15.98598806,80,10.6,34.5,Europe
12813,59.88566225,8.025768113,911,55.0,77.99,Europe
12840,59.62624264,66.33467484,35,4.6,65.54,Europe
12874,59.43405068,143.9350898,0,3.3,36.12,Europe
12881,59.5134795,12.69638022,47,24.5,99.12,Europe
12886,59.34235833,67.01365144,46,2.0,43.96,Europe
12933,58.91819722,66.865537,46,3.4,76.82,Europe
12946,58.77981696,42.62084483,148,2.2,48.93,Europe
12951,58.7735325,14.44825834,118,22.9,93.52,Europe
12959,58.64575125,15.97405298,22,18.7,76.28,Europe
12965,58.491794,15.6287701,34,13.1,94.55,Europe
12969,58.40889703,42.282747,98,4.6,72.0,Europe
13003,57.90617,12.42947666,58,15.2,54.34,Europe
13026,57.56618191,34.44539174,159,5.8,74.18,Europe
13032,57.44694444,33.3737636,219,6.3,15.18,Europe
13035,57.44893894,27.0880117,181,7.4,14.96,Europe
13043,57.250675,14.34704975,181,10.6,33.78,Europe
13070,57.0710155,14.02208274,143,7.0,42.4,Europe
13088,56.76569444,26.86280555,89,2.8,80.62,Europe
13091,56.76583605,38.77994744,134,6.5,50.66,Europe
13104,56.64056925,14.13640805,134,8.0,45.87,Europe
13112,56.55901272,27.61248383,135,4.5,11.77,Europe
13120,56.41842925,14.85459283,93,10.2,19.8,Europe
13122,56.36361925,8.179677142,-2,1.6,62.03,Europe
13125,56.33041667,27.43873891,159,5.4,54.7,Europe
13138,56.23263618,31.24842009,162,5.1,59.41,Europe
13140,56.19891846,-3.381310592,106,4.1,13.26,Europe
13149,56.1436693,28.45870643,122,5.3,14.82,Europe
13155,56.05305827,71.55516919,96,6.2,73.39,Europe
13156,56.11016375,14.44629111,4,11.9,49.85,Europe
13159,56.04726807,28.17894579,126,3.3,48.98,Europe
13161,56.10611111,31.1947364,165,6.6,53.38,Europe
13166,56.02304728,27.31258644,154,4.1,16.0,Europe
13169,56.15653334,-4.657379747,9,34.0,68.45,Europe
13175,55.985257,14.21960833,-2,1.0,16.76,Europe
13176,55.98095866,60.70012741,230,11.6,30.27,Europe
13178,55.892476,13.47429276,53,5.2,14.34,Europe
13179,55.92951416,60.80976552,230,5.3,35.83,Europe
13182,55.873306,13.54839428,53,5.3,24.63,Europe
13184,55.86471408,23.29833377,126,2.6,11.69,Europe
13186,55.91493327,34.89237017,209,10.5,40.89,Europe
13193,55.8306996,30.3876839,148,3.5,12.22,Europe
13196,55.78833333,61.55335459,167,2.1,56.24,Europe
13214,55.71465671,60.93994009,216,3.5,19.33,Europe
13223,55.6873253,61.05599809,212,3.2,39.72,Europe
13241,55.57501777,11.28538113,-1,2.9,11.93,Europe
13242,55.59444444,89.55631854,296,13.2,59.94,Europe
13258,55.41315809,68.73252301,114,2.3,49.32,Europe
13263,55.38110297,30.03156425,160,7.8,10.45,Europe
13313,54.93722752,62.25187982,167,2.3,22.24,Europe
13322,54.82945534,112.2603312,1165,12.7,58.42,Europe
13324,54.85610833,26.78524818,161,11.4,78.17,Europe
13335,54.71204571,17.36655394,-4,3.0,69.71,Europe
13344,54.64640306,71.73178196,50,2.7,83.35,Europe
13348,54.58978494,61.55701308,205,2.5,42.4,Europe
13359,54.54763889,78.48979469,101,2.2,76.91,Europe
13361,54.50069444,54.06885869,164,9.9,19.01,Europe
13369,54.44508484,-7.778814873,41,11.9,98.32,Europe
13383,54.30244334,10.43955819,34,4.8,19.9,Europe
13397,54.11138889,64.55480493,84,1.5,47.06,Asia
13431,53.80735582,12.85965984,-2,4.2,31.52,Europe
13443,53.80345045,-7.320808682,60,3.9,17.14,Europe
13454,53.73249186,11.46406289,34,7.8,33.16,Europe
13462,53.57639092,109.0430277,450,1.0,58.06,Europe
13463,53.64087904,11.46116343,35,9.9,24.46,Europe
13471,53.52848036,78.5555957,108,2.9,41.13,Europe
13472,53.46597358,14.6795693,0,1.7,52.34,Europe
13475,53.50088603,12.57298931,60,5.1,19.05,Europe
13516,53.16485012,63.15112432,191,1.7,59.85,Asia
13521,53.00463759,45.33190381,143,20.2,85.77,Europe
13529,53.00849094,68.28413361,321,7.9,51.74,Asia
13575,52.68722222,65.8360943,197,3.4,50.59,Asia
13576,52.65625,111.6374845,942,3.1,54.47,Europe
13586,52.60098307,65.59359209,198,2.9,62.29,Asia
13595,52.51298041,8.338317229,34,1.1,12.83,Europe
13601,52.47328342,9.328962714,35,3.3,26.85,Europe
13610,52.39135159,96.48986609,941,17.3,51.36,Europe
13632,52.20694444,112.8778394,960,9.0,57.75,Europe
13635,52.15625,112.7353799,959,7.1,52.19,Europe
13647,51.96462904,75.71050585,70,1.8,87.42,Asia
13653,51.8493997,140.4893756,1,11.3,70.31,Europe
13663,51.82927748,80.89919201,216,7.7,46.36,Europe
13668,51.65684964,24.30494053,150,1.2,10.41,Europe
13676,51.52397949,23.73640812,158,1.7,13.89,Europe
13705,51.0945752,81.92693368,284,6.4,42.51,Europe
13715,50.9012344,74.0369112,376,4.2,58.52,Asia
13746,50.46430827,17.11896698,207,9.4,13.29,Europe
13751,50.47773329,69.6432981,305,1.3,50.4,Asia
13760,50.44710395,69.4122425,304,1.6,45.06,Asia
13775,50.14229031,68.37932064,315,2.6,71.68,Asia
13778,50.09708333,73.03538287,486,4.3,44.85,Asia
13824,49.52253367,115.5658717,565,2.8,97.54,Asia
13829,49.5283008,32.69519069,77,4.2,35.69,Europe
13863,49.15975491,96.57934334,1666,7.0,78.19,Asia
13870,49.10590912,91.89362341,1571,6.7,72.05,Asia
13885,48.85614475,63.73647807,101,5.5,88.76,Asia
13919,48.63800707,114.4102987,657,2.2,64.62,Asia
13921,48.71234619,14.05582283,725,7.0,43.78,Europe
13940,48.39537584,83.82577636,386,1.2,34.77,Asia
13941,48.39485847,83.9306093,387,1.1,15.37,Asia
13962,48.00724182,11.1199311,531,15.6,44.98,Europe
13966,47.90903042,11.30869111,583,22.6,54.77,Europe
13969,47.8691586,13.54451192,467,37.5,44.14,Europe
13970,47.88137709,12.47453304,515,7.7,75.05,Europe
13995,47.54179294,33.62925664,86,2.3,15.02,Europe
13997,47.45957791,34.38800816,4,6.5,14.24,Europe
14041,46.82073907,125.1332274,146,1.0,49.96,Asia
14063,46.61828915,143.253357,0,11.1,43.98,Europe
14104,46.24017822,38.37194213,-3,2.0,99.17,Europe
14109,46.23392497,34.19801407,0,3.7,60.92,Europe
14150,45.89467326,37.96566671,-5,1.1,17.83,Europe
14153,45.92098985,124.449095,125,1.8,73.78,Asia
14167,45.72803358,5.867081077,230,68.9,42.56,Europe
14177,45.70889676,123.8688392,125,2.1,98.83,Asia
14203,45.58965034,29.20453994,-1,7.4,51.52,Europe
14204,45.47423191,28.07247805,0,4.5,22.3,Europe
14209,45.49292508,28.97813956,-1,5.0,59.54,Europe
14214,45.42398546,28.33685151,0,7.1,88.79,Europe
14217,45.28084581,37.46920911,-5,3.4,57.06,Europe
14229,45.2017391,33.48175132,-2,3.5,74.3,Europe
14232,45.12952691,39.52787781,24,4.4,51.88,Europe
14234,45.14814426,29.18190605,-1,1.0,14.65,Europe
14238,45.09141032,29.48950377,-1,1.0,13.73,Europe
14240,45.13721707,-1.110748881,12,7.6,57.66,Europe
14244,45.01713976,74.04366818,338,3.6,32.65,Asia
14249,45.04005697,41.75082741,229,9.7,41.51,Europe
14260,44.91554826,28.76569832,-2,8.5,18.81,Europe
14261,44.87044433,29.19417326,-3,1.0,20.2,Europe
14289,44.47966417,-1.154699281,20,7.5,55.14,Europe
14300,44.23160678,42.29584698,620,3.5,38.82,Europe
14302,44.24832004,28.59964402,-1,3.9,16.48,Europe
14305,44.15479472,27.63633972,7,13.5,19.59,Europe
14316,43.88439379,125.8261866,182,25.8,58.11,Asia
14331,43.68536431,76.57532472,618,5.5,61.98,Asia
14332,43.6653382,92.76459591,1577,1.6,32.43,Asia
14338,43.61707594,144.3103006,119,37.4,78.54,Asia
14339,43.53958333,59.83414757,49,1.0,27.24,Asia
14344,43.48332954,58.37675875,49,1.4,57.55,Asia
14353,43.39297743,3.605121568,-2,3.7,68.64,Europe
14354,43.39994595,70.68474315,403,3.6,46.93,Asia
14355,43.41319444,58.54716615,49,1.0,25.31,Asia
14357,43.40955905,114.8849945,1008,3.5,57.32,Asia
14360,43.36125854,73.96931883,509,13.3,46.51,Asia
14372,43.04079325,70.69290429,436,1.3,77.28,Asia
14379,43.00802795,-3.932367244,834,9.9,54.28,Europe
14395,42.73899116,69.06475416,256,2.5,54.48,Asia
14405,42.60190606,140.895789,80,52.5,69.96,Asia
14430,42.12072035,12.23011699,161,23.2,56.97,Europe
14434,41.98250488,24.18890397,1104,16.1,18.93,Europe
14438,41.87861966,15.74540699,-4,15.7,64.24,Europe
14442,41.86736247,-2.717709045,1077,16.0,14.31,Europe
14471,41.24259304,-6.24929383,707,71.5,37.05,Europe
14478,41.19592855,23.14375758,30,8.7,53.42,Europe
14485,40.95135512,67.96553757,243,1.0,37.24,Asia
14495,40.98228923,46.0521964,145,11.0,73.64,Asia
14499,40.93339545,19.49798521,-7,2.5,40.24,Europe
14510,40.717213,30.2432234,30,13.0,45.31,Asia
14514,40.66242106,23.54538961,30,9.9,65.2,Europe
14520,40.56802083,112.6919056,1218,2.7,86.94,Asia
14521,40.56941827,87.52488995,855,1.0,37.03,Asia
14555,40.09964044,-5.311261698,306,8.4,10.11,Europe
14556,40.10114068,77.34982133,1551,2.7,48.45,Asia
14572,39.82287091,78.95015501,1100,2.4,36.48,Asia
14575,39.72486111,79.02290992,1100,4.4,47.49,Asia
14629,39.09714749,109.8815467,1223,3.3,46.41,Asia
14651,38.91493079,64.66136182,239,13.9,65.15,Asia
14660,38.79641639,64.2158468,203,7.7,62.53,Asia
14663,38.77102834,77.24459391,1188,1.0,29.15,Asia
14679,38.555511,21.56777679,11,23.7,91.88,Europe
14696,38.37234049,65.57278017,389,26.9,56.63,Asia
14735,37.71119059,93.40070234,2684,1.3,64.61,Asia
14765,37.28652317,96.90386863,2814,1.7,54.33,Asia
14784,37.08660021,35.24009215,56,32.6,36.78,Asia
14787,37.00573853,100.5657355,3197,3.9,47.38,Asia
14802,36.90625,28.65395927,-2,17.8,51.17,Asia
14804,36.8447876,8.390190894,22,6.3,20.07,Africa
14821,36.41832859,119.4642388,33,3.9,99.99,Asia
14845,36.01151584,88.77228377,4856,7.8,80.39,Asia
14847,35.98002631,87.3573968,4807,10.5,46.8,Asia
14871,35.7374037,86.6904562,4882,13.1,49.9,Asia
14882,35.58049561,10.9592982,-11,3.8,47.83,Africa
14891,35.43890939,132.9584166,0,9.1,79.88,Asia
14892,35.44655056,88.44175387,4815,2.7,22.21,Asia
14894,35.42741753,84.65849167,4778,6.2,59.34,Asia
14895,35.40903619,88.37396364,4815,3.2,64.77,Asia
14898,35.32825467,91.8713022,4783,3.7,53.86,Asia
14901,35.29456068,83.1162454,4889,7.6,86.02,Asia
14904,35.30681179,99.18433973,4127,14.0,47.44,Asia
14913,35.12194797,86.73359305,4793,3.2,81.87,Asia
14921,34.96026121,97.47341261,4290,3.2,10.18,Asia
14933,34.88813285,79.35647546,5202,2.3,22.52,Asia
14944,34.71396091,89.03500449,4839,13.2,42.01,Asia
14950,34.64683467,-2.96556919,206,44.8,16.31,Africa
14954,34.61899865,80.45180208,5004,10.6,97.7,Asia
14958,34.57534744,87.21958684,4919,2.3,14.58,Asia
14960,34.57588796,87.30493366,4920,7.8,38.37,Asia
14964,34.52827279,89.12267748,4818,6.2,25.21,Asia
15001,34.18929799,45.01081116,90,7.9,79.96,Asia
15004,34.07695802,45.12920107,95,1.6,10.32,Asia
15010,33.96361254,86.49603865,4909,3.5,38.83,Asia
15014,33.86499607,87.02087444,4836,2.3,67.52,Asia
15030,33.55141079,84.6027059,4582,3.3,33.01,Asia
15037,33.3599726,84.18783489,4513,2.2,35.22,Asia
15049,33.10711222,118.5096577,10,1.0,10.87,Asia
15058,33.03095825,80.5911544,4321,3.4,37.06,Asia
15063,32.97169956,86.72090498,4557,1.7,64.98,Asia
15064,33.02753445,114.2554114,52,21.3,77.81,Asia
15070,32.90278029,88.16907254,4727,3.0,48.63,Asia
15075,32.82855469,87.88629203,4756,3.7,12.52,Asia
15102,32.45542209,-7.587945002,274,31.9,86.43,Africa
15125,32.31093424,88.69147239,4607,3.7,41.12,Asia
15130,32.19839016,85.11115146,4416,5.8,46.89,Asia
15135,32.10916287,83.54428359,4340,5.8,93.44,Asia
15151,31.91405287,47.33615356,5,1.0,32.54,Asia
15160,31.86204291,83.16060713,4718,7.1,60.2,Asia
15163,31.82394735,88.2057548,4553,30.7,88.15,Asia
15169,31.71712809,90.74366501,4683,6.8,58.8,Asia
15175,31.62278307,82.34381636,4800,8.6,53.09,Asia
15176,31.59557007,47.62764444,4,1.0,89.68,Asia
15179,31.57270223,89.02119293,4534,4.9,43.36,Asia
15184,31.60938626,119.5505363,0,2.2,83.49,Asia
15188,31.52802748,-2.760484739,690,21.8,16.08,Africa
15197,31.37734321,87.90772303,4648,25.8,72.23,Asia
15217,31.21045586,120.8270705,0,1.9,42.26,Asia
15220,31.28151625,32.16958218,-2,1.2,78.21,Africa
15245,30.98086344,82.23347985,5116,10.8,58.45,Asia
15248,31.0101888,90.49492116,4729,8.3,42.5,Asia
15252,30.98341729,87.41347651,4692,7.0,70.76,Asia
15257,30.93109633,89.83964938,4658,4.8,56.08,Asia
15260,30.86149021,114.0793222,19,2.7,21.75,Asia
15265,30.76303738,84.98142176,4657,20.1,65.39,Asia
15267,30.80552911,84.79270382,4640,17.3,60.05,Asia
15268,30.80567003,117.381312,5,2.7,37.52,Asia
15269,30.82801581,117.0312888,7,3.0,26.68,Asia
15270,30.84697998,117.1117346,6,2.8,71.47,Asia
15273,30.68352675,46.64751148,0,2.1,44.16,Asia
15275,30.6845128,47.42474379,0,1.0,53.8,Asia
15276,30.63416043,82.14612718,4784,6.6,58.81,Asia
15277,30.67380575,86.22088025,4684,15.5,84.68,Asia
15278,30.60703668,86.30877687,4684,30.8,59.3,Asia
15283,30.63955105,48.14676031,-2,1.6,32.4,Asia
15293,30.5873603,48.13506236,-2,1.0,57.19,Asia
15341,29.78015183,115.6898707,12,4.4,36.26,Asia
15361,29.57621282,78.77486657,347,52.0,47.16,Asia
15367,29.35745514,116.1601697,10,3.8,12.3,Asia
15374,29.24002004,30.48618252,-14,26.0,49.78,Africa
15380,29.14843994,30.40703889,-36,26.0,50.34,Africa
15381,29.21119439,112.5084987,22,2.3,80.79,Asia
15388,29.01354902,90.43167789,4445,25.3,37.39,Asia
15389,28.93942915,112.8561482,22,1.3,13.71,Asia
15396,28.82746419,112.8177151,23,1.0,31.53,Asia
15406,28.69823229,116.3131849,12,1.5,32.21,Asia
15419,28.40741136,88.22709535,4422,13.3,49.37,Asia
15431,27.70640761,100.7894563,2692,51.3,50.03,Asia
15455,26.54477756,100.6646792,1500,41.7,74.75,Asia
15458,26.41971978,67.63115722,32,1.3,90.14,Asia
15490,25.04957492,78.3325891,299,17.3,65.6,Asia
15502,24.70681834,78.25672423,354,46.5,46.72,Asia
15520,24.1849956,87.32391224,121,9.7,63.55,Asia
15523,24.01932736,72.8697834,174,5.1,14.78,Asia
15531,23.72432075,69.98714745,-5,3.7,86.57,Asia
15536,23.57617004,74.55132262,263,9.8,42.77,Asia
15538,23.47959581,77.50053185,454,7.3,34.62,Asia
15552,23.0813916,78.02287909,343,11.6,46.63,Asia
15557,22.80139411,72.03806593,5,1.0,18.77,Asia
15606,21.31944946,78.06234401,335,12.8,61.94,Asia
15626,20.54164754,96.9188727,883,1.8,47.65,Asia
15638,19.79680142,77.37665562,439,15.3,81.78,Asia
15655,18.94051066,109.0169322,124,48.6,35.16,Asia
15696,17.25092868,103.7132756,179,13.5,38.44,Asia
15697,17.32576009,82.07255971,83,32.3,39.55,Asia
15714,16.3493354,77.67640134,316,12.3,27.56,Asia
15716,16.27250475,-3.680956983,261,2.2,85.75,Africa
15736,15.25131185,74.49170864,546,46.6,89.71,Asia
15755,14.30770671,107.8139905,509,22.9,45.37,Asia
15778,13.17315009,121.3532057,4,19.3,81.89,Asia
15839,9.617338189,14.1750245,231,5.2,41.81,Africa
15875,7.432429877,30.5806407,406,1.0,35.37,Africa
15900,6.254152992,100.8183183,100,20.5,51.02,Asia
16109,-8.892825385,13.60233908,10,4.0,23.09,Africa
16120,-10.04181956,27.2505776,873,1.0,41.88,Africa
16137,-12.98134277,30.75803925,1560,1.8,35.01,Africa
16144,-13.85222209,141.5201799,2,1.5,73.38,Oceania
16223,-17.80585232,30.53283595,1343,6.5,75.18,Africa
16225,-17.90014838,30.79166871,1366,13.2,22.81,Africa
16231,-18.65849989,16.07743909,1081,1.8,40.13,Africa
16238,-19.03255656,30.25538471,1264,12.3,21.59,Africa
16239,-19.06026666,46.80013333,1220,7.6,30.82,Africa
16252,-20.2405307,118.9581447,3,1.7,90.42,Oceania
16256,-20.51403744,26.09243334,903,1.0,27.44,Africa
16266,-21.08581699,25.54193388,905,2.8,70.55,Africa
16302,-24.04318658,113.6154955,-5,1.3,46.57,Oceania
16306,-24.3449665,35.0198388,60,2.3,15.61,Africa
16308,-24.45439426,113.5682615,-2,1.0,14.1,Oceania
16309,-24.47143826,17.7991768,1135,13.6,21.68,Africa
16311,-24.46741387,33.264387,11,2.5,54.28,Africa
16312,-24.54027507,35.05310757,0,4.5,87.94,Africa
16320,-24.76006483,34.72139527,0,12.6,28.91,Africa
16337,-25.45370504,29.28819311,1005,14.8,23.55,Africa
16342,-25.74899855,27.85827081,1164,11.7,16.88,Africa
16372,-26.98726508,32.83667337,2,13.8,30.45,Africa
16389,-27.34409519,32.68581333,19,11.5,61.35,Africa
16455,-29.43566759,30.40880439,657,12.8,22.6,Africa
16468,-29.55494181,122.326485,347,4.2,40.75,Oceania
16481,-30.04277129,122.3824883,334,2.6,36.28,Oceania
16504,-30.83071181,136.093008,117,9.5,84.53,Oceania
16506,-30.78964617,119.0868782,323,4.6,61.55,Oceania
16507,-30.91270213,119.4317999,332,4.4,46.59,Oceania
16509,-30.8983312,119.6729888,340,5.6,44.77,Oceania
16510,-30.93446387,118.8786337,319,2.1,13.84,Oceania
16511,-30.89827026,118.9671578,321,3.3,44.21,Oceania
16517,-31.16808438,136.3861674,99,3.7,56.54,Oceania
16537,-31.77218913,137.1493025,62,4.2,51.34,Oceania
16550,-32.27112786,142.5446586,60,4.2,19.95,Oceania
16551,-32.27473287,142.4651867,61,4.8,65.68,Oceania
16597,-33.34165585,117.6508358,257,6.9,44.75,Oceania
16602,-33.48569987,145.9724793,134,2.9,50.6,Oceania
16612,-34.03499146,19.24789751,306,11.7,37.02,Africa
16632,-36.55790392,145.0825953,114,9.1,44.98,Oceania
16640,-37.40572788,139.984097,0,4.2,49.82,Oceania
16649,-38.0884613,176.2723669,282,20.0,79.82,Oceania
16668,-42.10687025,147.1752238,802,14.8,45.71,Oceania
16679,-44.2318924,169.8489653,519,36.9,57.62,Oceania
16680,-44.45698381,170.2194294,362,30.0,73.44,Oceania
16688,-46.05888759,167.1004838,30,113.1,42.18,Oceania
45532,64.23611404,-96.25570596,2,6.9,7.5,North America
55447,61.47039319,-113.1827303,147,3.4,7.08,North America
56878,61.08883256,-117.253563,134,3.5,3.03,North America
63685,59.43426421,-155.9159791,14,1.4,2.15,North America
88939,53.14500453,-92.42166896,272,6.0,8.46,North America
110349,44.32999895,-97.4835957,510,2.5,7.48,North America
110510,44.15068105,-70.25056502,79,4.7,8.89,North America
113620,32.5267136,-89.91686338,89,2.6,6.66,North America
121651,-32.16012112,-52.7256565,-1,0.7,1.27,South America
130463,70.84583333,137.6197912,7,3.6,9.71,Europe
140744,67.45833333,49.84062422,14,3.1,9.61,Europe
159149,58.18362623,31.42025591,16,0.8,1.24,Europe
159153,58.18991591,31.57568778,16,0.9,1.67,Europe
162519,54.91583333,62.34368034,168,2.6,8.91,Europe
165085,52.45180216,5.319597016,-6,1.7,7.53,Europe
165102,52.43696615,13.65000026,30,6.9,6.98,Europe
166366,50.85061537,30.56366935,98,2.3,4.48,Europe
168328,48.39337036,83.66784351,386,0.8,3.44,Asia
168772,47.64961901,35.27325181,13,2.8,1.85,Europe
170156,45.99518202,59.94664677,28,1.5,3.54,Asia
170268,45.88790568,34.77053867,0,1.1,3.71,Europe
170538,45.57025106,35.06571331,0,0.9,9.2,Europe
170907,45.21290826,29.12442764,-1,1.1,9.22,Europe
171189,44.87561983,74.17499122,334,1.7,5.87,Asia
171742,43.58441772,59.69769544,50,0.9,7.5,Asia
174732,34.51943108,88.94247315,4817,1.5,2.1,Asia
174929,33.68428582,85.84113932,4675,1.8,4.22,Asia
175020,33.16676385,118.3170335,10,1.1,3.34,Asia
175886,30.73430149,117.0834386,7,1.8,4.23,Asia
176175,29.90626845,113.2775456,20,0.8,5.42,Asia
176329,29.48985591,112.8189196,18,1.8,3.22,Asia
176536,28.79041762,112.6770218,28,0.5,4.18,Asia
176548,28.77367872,112.7900158,23,0.9,2.14,Asia
177532,23.17457852,70.82440584,-1,1.0,2.31,Asia
177537,23.13455967,70.83944613,-4,2.2,7.92,Asia
183071,-24.36301378,34.96777913,58,2.7,4.73,Africa
183103,-24.73604167,34.78905352,3,6.0,7.12,Africa
184162,-30.87885838,137.8676898,29,0.7,1.79,Oceania
184370,-32.22481235,142.6125172,61,2.2,5.56,Oceania
569915,62.01198056,-109.3641417,310,1.2,0.59,North America
908304,52.09774344,-99.61090104,250,0.5,0.78,North America
1357270,45.72976807,34.98261951,-2,1.8,0.94,Europe
